image,start,end,text
1.jpg,00:00,00:02,"Everyone is watching the legends,"
2.jpg,00:02,00:04,nobody is watching the kids.
3.jpg,00:04,00:08,That is the mistake that we'll define FIFA 2026.
4.jpg,00:08,00:09,Because while the world argues about
5.jpg,00:09,00:12,"who is the greatest of all time,"
6.jpg,00:12,00:14,five teenagers are quietly preparing to
7.jpg,00:14,00:16,take the tournament away from all of them.
8.jpg,00:16,00:19,"You know the big names, everyone does,"
9.jpg,00:19,00:21,but football does not wait for permission.
10.jpg,00:21,00:24,It does not care about reputation.
11.jpg,00:24,00:26,"In every world cup, one unknown"
12.jpg,00:26,00:29,name breaks through and changes everything.
13.jpg,00:29,00:32,2026 already has 5 candidates
14.jpg,00:32,00:34,lined up. A teenager
15.jpg,00:34,00:36,who plays like he has been
16.jpg,00:36,00:37,"doing this for 20 years,"
17.jpg,00:37,00:39,a winger so fast that veteran defenders
18.jpg,00:39,00:42,look frozen. A midfielder reading the
19.jpg,00:42,00:43,game before it even happens.
20.jpg,00:43,00:45,Is talent like that supposed
21.jpg,00:45,00:47,to exist this young?
22.jpg,00:47,00:50,The biggest stars built their legacy over a decade.
23.jpg,00:50,00:51,These five want to do
24.jpg,00:51,00:53,it in 90 minutes.
25.jpg,00:53,00:56,That is the part nobody is ready for.
26.jpg,00:56,00:58,"Because legends are remembered,"
27.jpg,00:58,01:00,but breakout stars are unforgettable.
28.jpg,01:00,01:03,"The cameras will be pointed at the icons,"
29.jpg,01:03,01:06,"the headlines will already be written,"
30.jpg,01:06,01:08,"and then one moment, one run,"
31.jpg,01:08,01:10,one goal will flip the entire
32.jpg,01:10,01:12,script live on air. This has
33.jpg,01:12,01:16,happened before. 2026 will not be the exception.
34.jpg,01:16,01:19,History does not save its best stories
35.jpg,01:19,01:20,"for the famous,"
36.jpg,01:20,01:23,"it saves them for the ones nobody saw coming,"
37.jpg,01:23,01:25,"everyone is watching the legends,"
