image,start,end,text
1.jpg,00:00,00:03,They have never lifted the trophy not once
2.jpg,00:03,00:04,but in 2026 everything
3.jpg,00:04,00:07,that has held them back is finally gone.
4.jpg,00:07,00:09,This is the story of a nation
5.jpg,00:09,00:12,that has been knocking on the door for decades.
6.jpg,00:12,00:15,"A nation with the players, the hunger, the moment,"
7.jpg,00:15,00:19,and this time the world might not be ready.
8.jpg,00:19,00:23,Let's go back. Every tournament has same story.
9.jpg,00:23,00:27,Great squad. Great hopes. Cool exit. Quarter final.
10.jpg,00:27,00:30,Semifinal. Heartbreak. How many times can
11.jpg,00:30,00:33,one country break in the same place?
12.jpg,00:33,00:34,But something shifted.
13.jpg,00:34,00:37,"The generation that grew up watching those losses,"
14.jpg,00:37,00:39,they are the ones playing now
15.jpg,00:39,00:41,and they are angry.
16.jpg,00:41,00:42,Look at the squad.
17.jpg,00:42,00:43,World Class goalkeeper
18.jpg,00:43,00:46,A midfield that can suffocate any team on the planet.
19.jpg,00:46,00:47,And up front
20.jpg,00:47,00:50,a striker who does not miss in big moments.
21.jpg,00:50,00:52,This is not a team built on
22.jpg,00:52,00:55,hope. This is a team built on proof.
23.jpg,00:55,00:57,Three things have to align to
24.jpg,00:57,00:58,"win a world cup. Form,"
25.jpg,00:58,01:01,luck belief. They have the form.
26.jpg,01:01,01:03,They have earned the belief
27.jpg,01:03,01:08,and in 2026 the draw could be their luck.
28.jpg,01:08,01:09,Every great champion has a year
29.jpg,01:09,01:11,where the stars align
30.jpg,01:11,01:12,where the squad peaks at exactly
31.jpg,01:12,01:14,the right moment
32.jpg,01:14,01:17,where the pressure becomes fuel instead of poison.
33.jpg,01:17,01:19,That year is 2026
34.jpg,01:19,01:21,that country has never won it
35.jpg,01:21,01:24,but after this tournament nobody will
36.jpg,01:24,01:27,say that again.
